17_b/17_b
18_hole_golf/18_hole_golf
1d_rubiks_cube/1d_rubiks_cube
3_coins/3_coins
3_jugs2/3_jugs2
3_jugs2_all/3_jugs2_all
3sum/3sum
50_puzzle/50_puzzle
5x5_puzzle/5x5_puzzle
99_bottles_of_beer/99_bottles_of_beer
abbots_puzzle/abbots_puzzle
abbott/abbott
abc_endview/abc_endview
abpuzzle/abpuzzle
added_corner/added_corner
adjacency_matrix_from_degrees/adjacency_matrix_from_degrees
age_changing/age_changing
ages2/ages2
a_league_of_their_own_enigma_1217/a_league_of_their_own_enigma_1217
alldifferent_consecutive_values/alldifferent_consecutive_values
alldifferent_cst/alldifferent_cst
alldifferent_except_0_me/alldifferent_except_0_me
alldifferent_explain/alldifferent_explain
alldifferent_interval/alldifferent_interval
alldifferent_modulo/alldifferent_modulo
alldifferent_on_intersection/alldifferent_on_intersection
alldifferent_pairs/alldifferent_pairs
alldifferent_partition/alldifferent_partition
alldifferent_same_value/alldifferent_same_value
alldifferent_soft/alldifferent_soft
all_differ_from_at_least_k_pos/all_differ_from_at_least_k_pos
all_equal_me/all_equal_me
all_interval/all_interval
all_interval1/all_interval1
all_interval2/all_interval2
all_interval3/all_interval3
all_interval4/all_interval4
all_interval5/all_interval5
all_interval6/all_interval6
all_min_dist/all_min_dist
allocating_developments/allocating_developments
all_paths_graph/all_paths_graph
allperm/allperm
alpha/alpha
amaze/2012-04-23
amaze/2012-03-09
amaze/2012-04-03
amaze/2012-03-14
amaze/2012-04-12
amaze/2012-04-05
amaze/2012-04-13
amaze/2012-04-16
amaze/2012-03-29
amaze/2012-03-07
amaze/2012-04-19
among_diff_0/among_diff_0
among_interval/among_interval
among_modulo/among_modulo
among_seq/among_seq
and/and
anniversaries/anniversaries
another_kind_of_magic_square/another_kind_of_magic_square
antisymmetric/antisymmetric
appointment_scheduling_set/appointment_scheduling_set
a_puzzle/a_puzzle
arbitrage_loops/arbitrage_loops3
arbitrage_loops/arbitrage_loops4
arbitrage_loops/arbitrage_loops1
arbitrage_loops/arbitrage_loops2
archery_puzzle/archery_puzzle
arch_friends/arch_friends
areas/3_3_3
areas/5_5_9
areas/3_3_5
areas/2_2_1
argmax/argmax
arith_or/arith_or
arith_sliding/arith_sliding
a_round_of_golf/a_round_of_golf
array_quest/array_quest
assign/assign
assign_and_counts/assign_and_counts
assign_and_nvalues/assign_and_nvalues
assignment/assignment
assignment2/assignment2
assignment2_2/assignment2_2
assignment3/assignment3
assignment5/assignment5
assignment6/assignment6
atleast_nvalue/atleast_nvalue
atmost1_me/atmost1_me
atmost_nvalue/atmost_nvalue
atom_smasher/atom_smasher
aust_colord/aust_colord
average_avoiding/average_avoiding
averbach_1.2/averbach_1.2
averbach_1.3/averbach_1.3
averbach_1.4/averbach_1.4
averbach_1.5/averbach_1.5
babysitting/babysitting
bacp/bacp-2
balanced_brackets/balanced_brackets
balanced_matrix/balanced_matrix
balance_interval/balance_interval
balance_modulo/balance_modulo
balance_partition/balance_partition
bales_of_hay/bales_of_hay
bananas/bananas
bank_card/bank_card
barrels/barrels
before_and_after/before_and_after
bertrand_russell_puzzle/bertrand_russell_puzzle
best_host/best_host
best_shuffle/best_shuffle
between_min_max/between_min_max
bibd/03_03_01
bibd/04_02_01
bibd/09_03_01
bibd/06_03_02
bibd/13_03_01
bibd/07_03_02
bibd/15_07_03
bibd/19_03_01
bibd/11_05_02
bibd/08_04_03
bibd/07_03_01
bibd/16_04_01
bibd/15_03_01
binary_matrix2array/binary_matrix2array
binary_puzzle/binary_puzzle
binary_sudoku/binary_sudoku
binary_tree/binary_tree
binero/binero
bin_packing2/bin_packing2
bipartite/bipartite
birthday_paradox/birthday_paradox
birthdays_2010/birthdays_2010
bit_vector1/bit_vector1
blending_problem/blending_problem
blueberry_muffins/blueberry_muffins
book_buy/book_buy
book_discount/book_discount
bpp/bpp
bratko_scheduling/bratko_scheduling
bratko_scheduling2/bratko_scheduling2
bridges_to_somewhere/bridges_to_somewhere
broken_weights/broken_weights
buckets/buckets
building_a_house2/building_a_house2
calculs_d_enfer/calculs_d_enfer
calvin_puzzle/calvin_puzzle
capital_budget2/capital_budget2
car/car
cardinality_atleast/cardinality_atleast
cardinality_atmost/cardinality_atmost
cardinality_atmost_partition/cardinality_atmost_partition
car_painting/car_painting
carpet_cutting/carpet_cutting
carpet_cutting_geost/carpet_cutting_geost
carpool_fairness/carpool_fairness4
carpool_fairness/carpool_fairness2
carpool_fairness/carpool_fairness3
carpool_fairness/carpool_fairness
carpool_fairness/carpool_fairness5
carpool_fairness/carpool_fairness1
car_talk_odometer/car_talk_odometer
cashier_change/cashier_change
catalan_numbers/catalan_numbers
cell_block/cell_block
cell_block/cell_block_func
celsius_fahrenheit/celsius_fahrenheit
chain_of_primes/chain_of_primes
chandelier_balancing/chandelier_balancing
change/change
change_pair/change_pair
change_partition/change_partition
checker_puzzle/checker_puzzle
chessset/chessset
chinese_remainder_problem/chinese_remainder_problem
choose_your_crew/choose_your_crew
choosing_teams/choosing_teams
choosing_teams2/choosing_teams2
circle_intersection/circle_intersection
circling_squares/circling_squares
circuit_path/circuit_path
circuit_test/circuit_test
circular_change/circular_change
clique/clique
clock_triplets/clock_triplets
coins3/coins3
coins3b/coins3b
coins_41_58/coins_41_58
collatz/collatz
color/color
coloring_ip/coloring_ip
color_simple/color_simple
col_sum_puzzle/col_sum_puzzle
combination_locks/combination_locks
combinatorial_auction/combinatorial_auction
common/common
common_interval/common_interval
common_modulo/common_modulo
common_partition/common_partition
compatible_assignment/compatible_assignment
compatible_assignment/compatible_assignment_opt
cond_lex_less/cond_lex_less
conference/conference
config/config
congress/congress
contiguity_regular/contiguity_regular
contractor_costs/contractor_costs
cookie_bake_off/cookie_bake_off
cookie_monster_problem/cookie_monster_problem
copy_arrays/copy_arrays
copy_arrays2/copy_arrays2
correspondence/correspondence
costas_array/costas_array
count_ctr/count_ctr
countdown/countdown
counts/counts
crazy_sets/crazy_sets
crazy_sets/crazy_sets_global
critical_path1/critical_path1
crossbar/crossbar
crossfigure/crossfigure
crossword/crossword
crossword2/crossword2
crossword_bratko/crossword_bratko
crypta/crypta
crypto/crypto
cube_sum/cube_sum
cumulative_test/cumulative_test
cumulative_test_mats_carlsson/cumulative_test_mats_carlsson
cutting_stock_winston/cutting_stock_winston
cycle_test2/cycle_test2
cycle_test3/cycle_test3
cyclohexane/cyclohexane
dakota_furniture/dakota_furniture
debruijn2d/debruijn2d
debruijn_binary/debruijn_binary
decision_tree_binary/decision_tree_binary
decreasing_me/decreasing_me
defending_castle/defending_castle
dennys_menu/dennys_menu
derangement/derangement
devils_word/devils_word
dice_with_a_difference_enigma_290/dice_with_a_difference_enigma_290
differs_from_at_least_k_pos/differs_from_at_least_k_pos
diffn_me/diffn_me
digital_roots/digital_roots
dimes/dimes
dinner/dinner
discrepancy/discrepancy
discrete_tomography/discrete_tomography
disjunctive/disjunctive
distance_between/distance_between
distance_change/distance_change
dividing_the_spoils/dividing_the_spoils
divisible_by_7/divisible_by_7
divisors_ending_in_0_to_9/divisors_ending_in_0_to_9
domain/domain
domain_constraint/domain_constraint
domino/domino0
domino/domino5
domino/domino4
domino/domino3
domino/domino1
domino/domino2
donald/donald
donald2/donald2
doublechannel/channel2
drinking_game/drinking_game
drive_ya_nuts/drive_ya_nuts
dudeney_numbers/dudeney_numbers
earthlin/earthlin
egg_basket/egg_basket
einav_puzzle/einav_puzzle
ein_ein_ein_ein_vier/ein_ein_ein_ein_vier
einstein_hurlimann/einstein_hurlimann
einstein_opl/einstein_opl
element_greatereq/element_greatereq
element_lesseq/element_lesseq
element_matrix/element_matrix
elementn/elementn
element_product/element_product
elements/elements
elements_alldifferent/elements_alldifferent
element_sparse/element_sparse
elevator_6_3/elevator_6_3
eliza_pseudonym7/eliza_pseudonym7
enclosed_tiles/enclosed_tiles
enigma/enigma
enigma_1000/enigma_1000
enigma_1001/enigma_1001
enigma_1266_unhelpful_square/enigma_1266_unhelpful_square
enigma_1293/enigma_1293
enigma_1530/enigma_1530
enigma_1535/enigma_1535
enigma_1553/enigma_1553
enigma_1555/enigma_1555
enigma_1568/enigma_1568
enigma_1573/enigma_1573
enigma_1576/enigma_1576
enigma_1577/enigma_1577
enigma_1615/enigma_1615
enigma2/enigma2
enigma_248_add_or_multiply/enigma_248_add_or_multiply
enigma_843/enigma_843
enigma_birthday_magic/enigma_birthday_magic
enigma_circular_chain/enigma_circular_chain
enigma_counting_pennies/enigma_counting_pennies
enigma_eight_times/enigma_eight_times
enigma_eight_times2/enigma_eight_times2
enigma_five_fives/enigma_five_fives
enigma_planets/enigma_planets
eq/eq20
eq10/eq10
equation/equation
equivalent/equivalent
ett_ett_ett_ett_ett__fem/ett_ett_ett_ett_ett__fem
euler_1/euler_1
euler_18/euler_18
euler_30/euler_30
euler31/euler31
euler_6/euler_6
euler_9/euler_9
evens/evens
evens2/evens2
evision/evision
exact_cover_dlx/exact_cover_dlx
exact_cover_dlx_matrix/exact_cover_dlx_matrix
exodus/exodus
eyedrop_optimize/eyedrop_optimize
eyedrop_optimize2/eyedrop_optimize2
facility_location_problem/facility_location_problem
factorial/factorial
fairies/fairies
fair_split_into_3_groups/fair_split_into_3_groups
fair_xmas_duty_2014/fair_xmas_duty_2014
family/family
family_riddle/family_riddle
fancy/fancy
farm_puzzle/farm_puzzle
farm_puzzle0/farm_puzzle0
fastfood/ff26
fastfood/ff7
fastfood/ff48
fastfood/ff51
fastfood/ff70
fastfood/ff15
fastfood/ff66
fastfood/ff44
fastfood/ff72
fastfood/ff83
fastfood/ff39
fastfood/ff4
fastfood/ff30
fastfood/ff24
fastfood/ff37
fastfood/ff87
fastfood/ff1
fastfood/ff6
fastfood/ff19
fastfood/ff8
fastfood/ff54
fastfood/ff34
fastfood/ff80
fastfood/ff68
fastfood/ff73
fastfood/ff32
fastfood/ff25
fastfood/ff40
fastfood/ff49
fastfood/ff17
fastfood/ff82
fastfood/ff50
fastfood/ff27
fastfood/ff10
fastfood/ff16
fastfood/ff5
fastfood/ff81
fastfood/ff46
fastfood/ff42
fastfood/ff67
fastfood/ff28
fastfood/ff52
fastfood/ff12
fastfood/ff86
fastfood/ff22
fastfood/ff38
fastfood/ff36
fastfood/ff43
fastfood/ff78
fastfood/ff18
fastfood/ff13
fastfood/ff35
fastfood/ff85
fastfood/ff14
fastfood/ff77
fastfood/ff23
fastfood/ff29
fastfood/ff2
fastfood/ff69
fastfood/ff84
fastfood/ff88
fastfood/ff79
fastfood/ff53
fastfood/ff89
fastfood/ff47
fastfood/ff55
fastfood/ff20
fastfood/ff71
fastfood/ff41
fastfood/ff45
fastfood/ff31
fastfood/ff33
fib_test2/fib_test2
fill_a_pix/fill_a_pix1
fill_a_pix/fill_a_pix3
fill_a_pix/fill_a_pix2
fill_in_the_squares/fill_in_the_squares
finding_celebrities/finding_celebrities
finding_celebrities2/finding_celebrities2
five/five
five_brigades/five_brigades
five_elements/five_elements
five_floors/five_floors
five_statements/five_statements
five_translators/five_translators
five_translators2/five_translators2
fixed_charge/fixed_charge
fix_points/fix_points
fizz_buzz/fizz_buzz
flattening/flattening6
flattening/flattening3
flattening/flattening2
flattening/flattening9
flattening/flattening8
flattening/flattening11
flattening/flattening1
flattening/flattening14
flattening/flattening7
flattening/flattening10
flattening/flattening5
flattening/flattening4
football/football
four_islands/four_islands
four_numbers/four_numbers
four_same_friends/four_same_friends
four_trees/four_trees
fractions/fractions
franklin_8x8_magic_square/franklin_8x8_magic_square
freight_transfer/freight_transfer
full_adder/full_adder
funny_dice/funny_dice
furniture_moving/furniture_moving
futoshiki/futoshiki
gardner_dinner/gardner_dinner
gardner_prime_puzzle/gardner_prime_puzzle
gardner_sum_square/gardner_sum_square
gardner_two_plus_two/gardner_two_plus_two
gather_homage_martin/gather_homage_martin
gcd_lcm/gcd_lcm
generalized_knapsack_problem/generalized_knapsack_problem
general_store/general_store
geost_test/geost_test
gfd-schedule/n180f7d50m30k18
giapetto/giapetto
global_cardinality_no_loop/global_cardinality_no_loop
global_cardinality_table/global_cardinality_table
global_cardinality_with_costs/global_cardinality_with_costs
global_contiguity/global_contiguity
global_contiguity2/global_contiguity2
golden_search/golden_search
golden_spiral/golden_spiral
golf_puzzle/golf_puzzle
good_burger_puzzlor/good_burger_puzzlor
graceful_labeling/graceful_labeling
graph/graph
graph_degree_sequence/graph_degree_sequence
graph_partition/graph_partition
gray_code/gray_code
greatest_combination/greatest_combination
grid-colouring/4_8
grid_puzzle/grid_puzzle
grime_puzzle/grime_puzzle
grocery2/grocery2
guards_and_apples/guards_and_apples
guards_and_apples2/guards_and_apples2
gunport_problem2/gunport_problem2
hamming_distance/hamming_distance
handshaking/handshaking
hanging_weights/hanging_weights
harry_potter_seven_potions/harry_potter_seven_potions
heterosquare/heterosquare
hidato_exists/hidato_exists
hidato_table2/hidato_table2
high_iq_problem/high_iq_problem
honey_division/honey_division
houses/houses
how_old_am_i/how_old_am_i
huey_dewey_louie/huey_dewey_louie
hundred_doors_optimized/hundred_doors_optimized
hundred_doors_optimized_array/hundred_doors_optimized_array
hundred_doors_unoptimized/hundred_doors_unoptimized
hundred_doors_unoptimized2/hundred_doors_unoptimized2
hundred_fowls/hundred_fowls
imply/imply
increasing_except_0/increasing_except_0
indexed_sum/indexed_sum
inflexions/inflexions
in_interval/in_interval
in_relation/in_relation
in_same_partition/in_same_partition
in_set/in_set
integer_programming1/integer_programming1
inter_distance/inter_distance
int_value_precede/int_value_precede
inverse_within_range/inverse_within_range
investment_problem/investment_problem
investment_problem_mip/investment_problem_mip
isbn/isbn
is_prime/is_prime
itemset_mining/itemset_mining
ith_pos_different_from_0/ith_pos_different_from_0
its_a_tie/its_a_tie
jellybeans/jellybeans
jive_turkeys/jive_turkeys
jobshop/jobshop
jobshop/jobshop_mt06
jobshop/jobshop3
jobshop/jobshop2
jobshop/jobshop_newspaper
jobshop2/jobshop2_mt06
jobshop2/jobshop2_newspaper
jobs_puzzle/jobs_puzzle
joshua/joshua
just_forgotten/just_forgotten
K4P2GracefulGraph/K4P2GracefulGraph
K4P2GracefulGraph2/K4P2GracefulGraph2
kakuro/kakuro
kakuro2/kakuro2
kakuro3/kakuro3
k_alldifferent/k_alldifferent
kaprekars_constant/kaprekars_constant
kaprekars_constant2/kaprekars_constant2
k_consecutive_integers/k_consecutive_integers
kenken2/kenken2
killer_sudoku/killer_sudoku
killer_sudoku2/killer_sudoku2
kiselman_semigroup_problem/kiselman_semigroup_problem
knapsack/knapsack
knapsack1/knapsack1
knapsack2/knapsack2
knapsack_investments/knapsack_investments
knapsack_problem/knapsack_problem
knapsack_rosetta_code_01/knapsack_rosetta_code_01
knapsack_rosetta_code_bounded/knapsack_rosetta_code_bounded
krypto/krypto
k_same/k_same
k_same_modulo/k_same_modulo
labeled_dice/labeled_dice
lager/lager
langford2/langford2
langford_generalized/langford_generalized
language_round_table/language_round_table
latin_square/latin_square
latin_square_card_puzzle/latin_square_card_puzzle
lccoin/lccoin
leap_year/leap_year
least_diff/least_diff
least_diff1/least_diff1
lectures/lectures
lecture_series/lecture_series
letter_square/letter_square89
letter_square/letter_square1
letter_square/letter_square60
letter_square/letter_square59
lex2_me/lex2_me
lex_alldifferent/lex_alldifferent
lex_between/lex_between
lex_chain_less/lex_chain_less
lex_different/lex_different
lex_greater_me/lex_greater_me
library_books/library_books
lichtenstein_coloring/lichtenstein_coloring
life/life
lightmeal/lightmeal
lightmeal2/lightmeal2
lights/lights
lights_out/lights_out
limerick_primes/limerick_primes
limerick_primes2/limerick_primes2
loan/loan1
local_art_theft/local_art_theft
local_art_theft1/local_art_theft1
locker/locker
logical_design/logical_design
logic_puzzle_aop/logic_puzzle_aop
longest_change/longest_change
lost_at_sea/lost_at_sea
ltsp/ltsp
lucky_number/lucky_number
M12/M12
magic/magic
magic3/magic3
magic4/magic4
magic_hexagon/magic_hexagon
magic_modulo_number/magic_modulo_number
magic_sequence/magic_sequence
magic_sequence2/magic_sequence2
magic_sequence3/magic_sequence3
magic_series/magic_series
magic_square/magic_square
magic_square_frenicle_form/magic_square_frenicle_form
magic_square_function/magic_square_function
magic_squares_and_cards/magic_squares_and_cards
make_a_good_burger/make_a_good_burger
mamas_age/mamas_age
manasa_and_stones/manasa_and_stones
mango_puzzle/mango_puzzle
map/map
map2/map2
map_coloring_with_costs/map_coloring_with_costs
mapping/full2x2
mapping/mesh2x2_1
map_stuckey/map_stuckey
marathon/marathon
marathon2/marathon2
markov_chains/markov_chains
markov_chains_taha/markov_chains_taha
matching_sums/matching_sums
matchmaker/matchmaker
matrix2num/matrix2num
mats_fotboll/mats_fotboll
max_activity/max_activity
max_activity2/max_activity2
max_cut/max_cut
maxflow/maxflow
max_flow_taha/max_flow_taha
max_flow_winston1/max_flow_winston1
maximum_density_still_life/maximum_density_still_life
maximum_modulo/maximum_modulo
maximum_subarray/maximum_subarray
max_index/max_index
max_m_in_row/max_m_in_row
max_n/max_n
max_nvalue/max_nvalue
max_size_of_consecutive_var/max_size_of_consecutive_var
max_size_set_of_consecutive_var/max_size_set_of_consecutive_var
message_sending/message_sending
mfasp/mfasp
mfvsp/mfvsp
minesweeper/minesweeper
minesweeper_0/minesweeper_0
minesweeper_1/minesweeper_1
minesweeper_2/minesweeper_2
minesweeper_3/minesweeper_3
minesweeper_4/minesweeper_4
minesweeper_5/minesweeper_5
minesweeper_6/minesweeper_6
minesweeper_7/minesweeper_7
minesweeper_8/minesweeper_8
minesweeper_9/minesweeper_9
minesweeper_basic3/minesweeper_basic3
minesweeper_basic4/minesweeper_basic4
minesweeper_basic4x4/minesweeper_basic4x4
minesweeper_config_page2/minesweeper_config_page2
minesweeper_config_page3/minesweeper_config_page3
minesweeper_german_Lakshtanov/minesweeper_german_Lakshtanov
minesweeper_inverse/minesweeper_inverse
minesweeper_splitter/minesweeper_splitter
minesweeper_wire/minesweeper_wire
minimal_subset_of_columns/minimal_subset_of_columns
minimum_except_0/minimum_except_0
minimum_greater_than/minimum_greater_than
minimum_weight_alldifferent/minimum_weight_alldifferent
min_index/min_index
min_max_sets/min_max_sets
min_n/min_n
min_nvalue/min_nvalue
minsum/minsum
mislabeled_boxes/mislabeled_boxes
misp/misp
missingsolution/missingsolution
missing_solution/missing_solution
monkey_coconuts/monkey_coconuts
monks_and_doors/monks_and_doors
monorail/monorail6
monorail/monorail2
monorail/monorail1
movement_puzzle/movement_puzzle
movie_scheduling/movie_scheduling
movie_stars/movie_stars
m_queens_on_n_board/m_queens_on_n_board
mr_smith/mr_smith
muddle_management/muddle_management
multi-knapsack/mknap2-20
multi-knapsack/mknap1-6
multi-knapsack/mknap2-32
multipl/multipl
multiplicative_sequence/multiplicative_sequence
murder/murder
music_men/music_men
mvcp/mvcp
myabs/myabs
mydiv/mydiv
my_nvalue/my_nvalue
my_precedence/my_precedence
nadel/nadel
narcissistic_numbers/narcissistic_numbers
nchange/nchange
n_change/n_change
nclass/nclass
nequivalence/nequivalence
newspaper/newspaper
newspaper0/newspaper0
next_element/next_element
next_greater_element/next_greater_element
nfc/18_3_5
nfc/18_3_10
nfc/12_2_10
nfc/12_2_5
nim/nim
nine_digit_arrangement/nine_digit_arrangement
nine_to_one_equals_100/nine_to_one_equals_100
nmseq/83
non_dominating_queens/non_dominating_queens
nonlin_cylinder/nonlin_cylinder
not_all_equal/not_all_equal
no_three_in_line/no_three_in_line
not_in/not_in
npair/npair
n_partitioning/n_partitioning
n_puzzle/n_puzzle
number_generation/number_generation
numberlink/numberlink1
numberlink/numberlink7
numberlink/numberlink3
number_of_days/number_of_days
number_of_regions/number_of_regions
numbrix/numbrix
numerica_p20/numerica_p20
numerica_p21/numerica_p21
numerica_p23/numerica_p23
numerica_p24/numerica_p24
numeric_keypad/numeric_keypad
nurse_rostering_with_availability/nurse_rostering_with_availability
nurses/nurses
nurses/nurses_let
nvalue_on_intersection/nvalue_on_intersection
nvalues/nvalues
nvalues_except_0/nvalues_except_0
OandX/OandX
office_blocked/office_blocked
office_blocked2/office_blocked2
olympic/olympic
one_off_digit/one_off_digit
onroad/onroad
open_alldifferent/open_alldifferent
open_among/open_among
open_atleast/open_atleast
open_atmost/open_atmost
open_global_cardinality/open_global_cardinality
open_global_cardinality_low_up/open_global_cardinality_low_up
ordering_a_list_of_lists/ordering_a_list_of_lists
organize_day/organize_day
or_matching/or_matching
ormat_game_generate/ormat_game_generate
orth_link_ori_siz_end/orth_link_ori_siz_end
orth_on_the_ground/orth_on_the_ground
p1f/13
pair_divides_the_sum/pair_divides_the_sum
pairwise_sum_of_n_numbers/pairwise_sum_of_n_numbers
parallel_resistors/parallel_resistors
partial_latin_square/partial_latin_square
partition_into_subset_of_equal_values/partition_into_subset_of_equal_values
partition_into_subset_of_equal_values2/partition_into_subset_of_equal_values2
partition_into_subset_of_equal_values3/partition_into_subset_of_equal_values3
partitions/partitions
path_from_to/path_from_to
patient_no_21/patient_no_21
pchange/pchange
peacableArmyOfQueens/peacableArmyOfQueens
penguin/penguin
perfect_shuffle/perfect_shuffle
period/period
permutation_number/permutation_number
pert/pert
philosophical_railway/philosophical_railway
photo/photo
photo_hkj/photo_hkj
photo_hkj2_data1/photo_hkj2_data1
photo_hkj2_data2/photo_hkj2_data2
pigeon_hole/pigeon_hole
pigeon_hole2/pigeon_hole2
pilgrim/pilgrim
place_number/place_number
place_number2/place_number2
planet_colonization_puzzlor/planet_colonization_puzzlor
p_median/p_median
pool_ball_triangles/pool_ball_triangles
popsicle_stand/popsicle_stand
post_office_problem/post_office_problem
post_office_problem2/post_office_problem2
power/power
power_set/power_set
power_set2/power_set2
power_set3/power_set3
prime/prime
prime_looking/prime_looking
prime_multiplication/prime_multiplication
primes/primes
primes_in_a_circle/primes_in_a_circle
primes_param/primes_param
product_ctr/product_ctr
product_test/product_test
project_scheduling/project_scheduling
project_scheduling/project_scheduling_nonoverlap
puzzle1/puzzle1
pyramid_of_numbers/pyramid_of_numbers
quasiGroup3Idempotent/quasiGroup3Idempotent
quasiGroup3NonIdempotent/quasiGroup3NonIdempotent
quasiGroup4Idempotent/quasiGroup4Idempotent
quasiGroup4NonIdempotent/quasiGroup4NonIdempotent
quasiGroup5Idempotent/quasiGroup5Idempotent
quasiGroup5NonIdempotent/quasiGroup5NonIdempotent
quasiGroup6/quasiGroup6
quasiGroup7/quasiGroup7
quasigroup_completion/quasigroup_completion
quasigroup_completion_gcc/quasigroup_completion_gcc
quasigroup_completion_gomes_demo1/quasigroup_completion_gomes_demo1
quasigroup_completion_gomes_demo2/quasigroup_completion_gomes_demo2
quasigroup_completion_gomes_demo3/quasigroup_completion_gomes_demo3
quasigroup_completion_gomes_demo4/quasigroup_completion_gomes_demo4
quasigroup_completion_gomes_shmoys_p3/quasigroup_completion_gomes_shmoys_p3
quasigroup_completion_gomes_shmoys_p7/quasigroup_completion_gomes_shmoys_p7
quasigroup_completion_martin_lynce/quasigroup_completion_martin_lynce
queens3/queens3
queens4/queens4
queens_and_knights/queens_and_knights
queens_ip/queens_ip
ramsey_partition/ramsey_partition
random_function_test/random_function_test
random_generator/random_generator
random_generator2/random_generator2
random_set/random_set
range_ctr/range_ctr
raven_puzzle/raven_puzzle
rectangle_from_line_segments/rectangle_from_line_segments
relative_sizes/relative_sizes
relief_mission/relief_mission
remainder_puzzle/remainder_puzzle
remainder_puzzle2/remainder_puzzle2
restarta/restarta
reveal_the_mapping/reveal_the_mapping
reverse_multiples/reverse_multiples
rock_star_dressing_problem/rock_star_dressing_problem
rook_path/rook_path
rookwise_chain/rookwise_chain
roots_test/roots_test
roster/chicroster_dataset_5
roster/chicroster_dataset_17
roster/chicroster_dataset_7
roster/chicroster_dataset_2
roster/chicroster_dataset_11
rostering/rostering
rot13/rot13
rotating_discs/rotating_discs
rotation2/rotation2
runs/runs
safe_cracking/safe_cracking
same/same
same_and_global_cardinality/same_and_global_cardinality
same_and_global_cardinality_low_up/same_and_global_cardinality_low_up
same_interval/same_interval
same_modulo/same_modulo
samurai_puzzle/samurai_puzzle
sangraal/sangraal
sangraal_cp/sangraal_cp
sat/sat
satisfy/satisfy
scalar_product/scalar_product
scanner_problem/scanner_problem
schedule1/schedule1
schedule2/schedule2
scheduling_bratko/scheduling_bratko
scheduling_bratko2/scheduling_bratko2
scheduling_chip/scheduling_chip
scheduling_speakers/scheduling_speakers
scheduling_speakers_optimize/scheduling_speakers_optimize
scheduling_with_assignments/scheduling_with_assignments15
scheduling_with_assignments/scheduling_with_assignments16g
scheduling_with_assignments/scheduling_with_assignments1
scheduling_with_assignments/scheduling_with_assignments18
scheduling_with_assignments/scheduling_with_assignments21
scheduling_with_assignments/scheduling_with_assignments16
scheduling_with_assignments/scheduling_with_assignments6
scheduling_with_assignments/scheduling_with_assignments11
scheduling_with_assignments/scheduling_with_assignments20
scheduling_with_assignments/scheduling_with_assignments16e2
scheduling_with_assignments/scheduling_with_assignments3
scheduling_with_assignments/scheduling_with_assignments4
scheduling_with_assignments/scheduling_with_assignments17
scheduling_with_assignments/scheduling_with_assignments19
scheduling_with_assignments/scheduling_with_assignments2
scheduling_with_assignments/scheduling_with_assignments13
scheduling_with_assignments/scheduling_with_assignments12
seating_plan/seating_plan
seating_row/seating_row
seating_row1/seating_row1
seating_table/seating_table
secret_santa/secret_santa
secret_santa2/secret_santa2
self_referential_quiz/self_referential_quiz
self_referential_sentence/self_referential_sentence
send_more_money/send_more_money
send_more_money2/send_more_money2
send_more_money_any_base/send_more_money_any_base
send_more_money_ip/send_more_money_ip
send_most_money/send_most_money
separate_zeros/separate_zeros
sequence_2_3/sequence_2_3
seseman/seseman
seseman2/seseman2
set_covering/set_covering
set_covering2/set_covering2
set_covering3/set_covering3
set_covering4/set_covering4
set_covering4b/set_covering4b
set_covering5/set_covering5
set_covering6/set_covering6
set_covering_deployment/set_covering_deployment
set_covering_opl/set_covering_opl
set_covering_skiena/set_covering_skiena
set_packing/set_packing
set_partition/set_partition
set_partition_stackoverflow/set_partition_stackoverflow
set_puzzle/set_puzzle
shift/shift
shopping/shopping
shopping_basket/shopping_basket
shopping_basket2/shopping_basket2
shortest_path/01
shortest_path/00
shortest_path1/shortest_path1
shortest_path2/shortest_path2
sicherman_dice/sicherman_dice
sieve/sieve
simple-prod-planning/simple-prod-planning
ski_assignment/ski_assignment
ski_assignment_problem/ski_assignment_problem
skyscraper/skyscraper
sliding_sum_me/sliding_sum_me
sliding_time_window/sliding_time_window
sliding_time_window_from_start/sliding_time_window_from_start
smuggler_knapsack/smuggler_knapsack
smullyan_knights_knaves/smullyan_knights_knaves
smullyan_knights_knaves_normals/smullyan_knights_knaves_normals
smullyan_knights_knaves_normals_bahava/smullyan_knights_knaves_normals_bahava
smullyan_lion_and_unicorn/smullyan_lion_and_unicorn
smullyan_portia/smullyan_portia
soccer_puzzle/soccer_puzzle
social_golfers1/social_golfers1
social_golfers2/social_golfers2
soft_all_equal_ctr/soft_all_equal_ctr
soft_same_var/soft_same_var
sokoban/sokoban
solitaire_battleship/solitaire_battleship
sonet_problem/sonet_problem
sortedness/sortedness
sort_permutation/sort_permutation
spinning_disks/spinning_disks
sportsScheduling/sportsScheduling
spp/spp
spreadsheet/spreadsheet
spy_girls/spy_girls
squeens/squeens
stable_marriage/stable_marriage
stable_roommates_func/sm6_func
stamp_licking/stamp_licking
steiner/steiner
stretch_circuit/stretch_circuit
stretch_path/stretch_path
strictly_decreasing/strictly_decreasing
strimko/strimko_068
strimko/strimko_002
strimko/strimko_067
strimko/strimko_070
strimko2/strimko2_068
strimko2/strimko2_002
strimko2/strimko2_070
strimko2/strimko2_067
stuckey_assignment/stuckey_assignment
stuckey_seesaw/stuckey_seesaw
students_and_languages/students_and_languages
subsequence/subsequence
subsequence_sum/subsequence_sum
subset_plus_2/subset_plus_2
subsets_100/subsets_100
successive_number_problem/successive_number_problem
sudoku_25x25_250/sudoku_25x25_250
sudoku_gcc/sudoku_gcc
sudoku_ip/sudoku_ip
sudoku_multi/sudoku_multi
sudoku_multi2/sudoku_multi2
sudoku_pi/sudoku_pi
sudoku_pi_2008/sudoku_pi_2008
sudoku_pi_2010/sudoku_pi_2010
sudoku_pi_2011/sudoku_pi_2011
sudoku_pi_day_2015/sudoku_pi_day_2015
sudoku_pi_with_comments/sudoku_pi_with_comments
sultans_children/sultans_children
sumbrero/sumbrero
sum_ctr/sum_ctr
sum_first_and_last/sum_first_and_last
sum_free/sum_free
sum_of_next_natural_numbers/sum_of_next_natural_numbers
sum_of_weights_of_distinct_values/sum_of_weights_of_distinct_values
sum_set/sum_set
sum_sets/sum_sets
sum_to_100/sum_to_100
survivor/survivor
survo_puzzle/survo_puzzle
symmetric/symmetric
symmetric_alldifferent/symmetric_alldifferent
symmetry_breaking/symmetry_breaking
table_of_numbers/table_of_numbers
takuzu/takuzu
talent/talent
talisman_square/talisman_square
tank/tank
teambuilding/teambuilding
temporal_reasoning/temporal_reasoning
tennis_problem/tennis_problem
tennis_tournament/tennis_tournament
ten_statements/ten_statements
the_bomb/the_bomb
the_family_puzzle/the_family_puzzle
the_interns/the_interns
thick_as_thieves/thick_as_thieves
thirteen_link_chain_puzzle/thirteen_link_chain_puzzle
thirteen_link_chain_puzzle2/thirteen_link_chain_puzzle2
thirteen_link_chain_puzzle3/thirteen_link_chain_puzzle3
three_digit/three_digit
tickTackToe/tickTackToe
tictactoe_avoidance/tictactoe_avoidance
timeslots_for_songs/timeslots_for_songs
timetable/timetable
timpkin/timpkin
tomography/tomography
tomography_n_colors/tomography_n_colors
toomany/toomany
torn_number/torn_number
tourist_site_competition/tourist_site_competition
traffic_lights/traffic_lights
traffic_lights_table/traffic_lights_table
transpose/transpose
trial1/trial1
trial12/trial12
trial2/trial2
trial3/trial3
trial4/trial4
trial5/trial5
trial6/trial6
triangles/triangles
tripuzzle1/tripuzzle1
tripuzzle2/tripuzzle2
tunapalooza/tunapalooza
twelve/twelve
twelve_statements/twelve_statements
twin/twin
twin_letters/twin_letters
two_cube_calendar/two_cube_calendar
two_dimensional_channels/two_dimensional_channels
uniform_dice/uniform_dice
unique_set_puzzle/unique_set_puzzle
uzbekian_puzzle/uzbekian_puzzle
vingt_cinq_cinq_trente/vingt_cinq_cinq_trente
virtual_chess_tournament/virtual_chess_tournament
voltage_divider/voltage_divider
war_or_peace/war_or_peace
water_buckets1/water_buckets1
wedding_optimal_chart/wedding_optimal_chart
weighted_sum/weighted_sum
were2/were2
were4/were4
who_killed_agatha/who_killed_agatha
wijuko/wijuko
wine_cask_puzzle/wine_cask_puzzle
wiseman_problem_20131129/wiseman_problem_20131129
wolf_goat_cabbage_lp/wolf_goat_cabbage_lp
word_golf/word_golf
word_square/word_square
work_shift_problem/work_shift_problem
wwr/wwr
wwtpp-random/ex29000_2600_100
wwtpp-random/ex29400_2600_100
wwtpp-random/ex27600_2600_100
wwtpp-random/ex29600_2600_100
wwtpp-random/ex26500_2600_100
wwtpp-random/ex28300_2600_100
wwtpp-random/ex27000_2600_100
wwtpp-random/ex26800_2600_100
wwtpp-random/ex25300_2600_100
wwtpp-random/ex26600_2600_100
wwtpp-random/ex25400_2600_100
wwtpp-random/ex26300_2600_100
wwtpp-random/ex24100_2600_100
wwtpp-random/ex25600_2600_100
wwtpp-random/ex27500_2600_100
wwtpp-random/ex27700_2600_100
wwtpp-random/ex25000_2600_100
wwtpp-random/ex24900_2600_100
wwtpp-random/ex29900_2600_100
wwtpp-random/ex28200_2600_100
wwtpp-random/ex28800_2600_100
wwtpp-random/ex25500_2600_100
wwtpp-random/ex29200_2600_100
wwtpp-random/ex24500_2600_100
wwtpp-random/ex24000_2600_100
wwtpp-random/ex25100_2600_100
wwtpp-random/ex30000_2600_100
wwtpp-random/ex25200_2600_100
wwtpp-random/ex27400_2600_100
wwtpp-random/ex26900_2600_100
wwtpp-random/ex27900_2600_100
wwtpp-random/ex28700_2600_100
wwtpp-random/ex27100_2600_100
wwtpp-random/ex26000_2600_100
wwtpp-random/ex29700_2600_100
wwtpp-random/ex26400_2600_100
wwtpp-random/ex26200_2600_100
wwtpp-random/ex24700_2600_100
wwtpp-random/ex28900_2600_100
wwtpp-random/ex28100_2600_100
wwtpp-random/ex24200_2600_100
wwtpp-random/ex29100_2600_100
wwtpp-random/ex27800_2600_100
wwtpp-random/ex26700_2600_100
wwtpp-random/ex25800_2600_100
wwtpp-random/ex24300_2600_100
wwtpp-random/ex25900_2600_100
wwtpp-random/ex25700_2600_100
wwtpp-random/ex28400_2600_100
wwtpp-random/ex29800_2600_100
wwtpp-random/ex24400_2600_100
wwtpp-random/ex29500_2600_100
wwtpp-random/ex27200_2600_100
wwtpp-random/ex26100_2600_100
wwtpp-random/ex27300_2600_100
wwtpp-random/ex24600_2600_100
wwtpp-random/ex24800_2600_100
wwtpp-random/ex29300_2600_100
wwtpp-random/ex28600_2600_100
wwtpp-random/ex28000_2600_100
wwtpp-random/ex28500_2600_100
xkcd/xkcd
xkcd_among_diff_0/xkcd_among_diff_0
young_tableaux/young_tableaux
young_tableaux_stack_overflow/young_tableaux_stack_overflow
zebra_inverse/zebra_inverse
zebra_ip/zebra_ip
